0	)what was the immediate impact of the success of the manhattan project?	0
1	_________ justice is designed to repair the harm to victim, the community and the offender caused by the offender criminal act. question 19 options:	1
2	why did stalin want control of eastern europe	2
3	why do nails get rusty	3
4	depona ab	4
5	is the atlanta airport the busiest in the world	5
6	nyu tuition cost	6
7	at what age do kids start to hold memories	7
8	average teeth brushing time	8
9	is funner a word?	9
10	what direction does phloem flow	10
11	what is ce certified	11
12	artin chicken mcdonalds calories	12
13	is panglao island safe	13
14	what is calomel powder used for?	14
15	sum of squares of even numbers formula	15
16	bancfirst customer service number	16
17	what is happening in montreal in august?	17
18	what county is dewitt michigan in?	18
19	how to create msn email address	19
20	using cpap without prescription	20
21	what is early bird check in southwest	21
22	excel if as an array function	22
23	what county is columbus city in	23
24	social security administration in bellevue wa hours	24
25	are whiskers on cats used for balance	25
26	what county is shelton, ct	26
27	is the bachelor legal	27
28	what is BP level j salary	28
29	how.much does squirrel.pos cost	29
30	what dba mean	30
31	average cost of assisted living in washington state	31
32	what is a normal fee for investment account	32
33	what disability is copd	33
34	maximum basic in salary	34
35	what is a omurice omelet	35
36	effluent medical definition	36
37	aplia what does the median suggest	37
38	is the belterra park in cincinnati oh open today?	38
39	how much does it cost to change a jeep alternator	39
40	what does folic acid do	40
41	what is an of clause sql	41
42	what county is seminole fl in	42
43	average cost dental implant	43
44	tripadvisor does the london hop on off bus price inlcude the cruise	44
45	what does granuloma annulare look like	45
46	what is home food store	46
47	the importance of minerals in diet	47
48	prize money taxable income	48
49	is the center for complex thoughts and is involved in learning, remembering, thinking, and consciousness. it is divided into two halves (hemispheres) that are connected by the corpus callosum.	49
50	what county is nine mile in	50
51	what is a salpingectomies	51
52	does chromium piclinate expire	52
53	can an easement confer riparian rights	53
54	triglycerides what are they	54
55	google what is conalingus mean	55
56	was the president of morehouse college recently fired	56
57	what causes resorption of teeth	57
58	how to transport oxygen tanks	58
59	what is beam-r conditioning	59
60	is the cheetah an endangered species	60
61	is cystic fibrosis dominant	61
62	is the basis of marine food webs.	62
63	what is in garcinia cambogia	63
64	what is bicameral legislature quizlet	64
65	average conservatory cost	65
66	temperature in jammu today	66
67	how can you tell if your pressure is up	67
68	erosion and weathering effects of water on earth	68
69	Niegerian Prophet turns into a snake in church service	69
70	is test for toxo standard in pregnancy	70
71	is the cobb house haunted in vicksburg mississippi	71
72	what are signs of ulcers in equine	72
73	what do you put at purpose for partnership agreement	73
74	medical coding how many days is considered acute?	74
75	the meaning of reverence	75
76	thick bronchial secretions causes	76
77	name are three ways minerals are used	77
78	fisher price i can play keyboard	78
79	average cost for sunrise senior living	79
80	what are phish	80
81	what is information literacy	81
82	is the colon in the lower intestine	82
83	how to remove callback notification on iphone	83
84	time change new zealand	84
85	temperature to bake sweet potatoes in oven	85
86	what is cd jewel case inserts made of	86
87	meaning of conquest	87
88	the name maurice origin	88
89	weather channel asheville	89
90	what does body habitus mean	90
91	how old is eva link	91
92	define traumatic	92
93	is the courts open on texas independence day?	93
94	definition of no impact for accident reporting	94
95	what are silicates?	95
96	what is a abi-pvr report	96
97	siriusxm cost per month	97
98	how much will it cost to drive to arizona	98
99	what is a forcing cone	99
100	quizlet how did existing industrial workers view immigrant industrial workers?	100
101	what are the risks associated with the use of nuclear energy	101
102	what county is honeoye in	102
103	different types of social security disability	103
104	is the denali fault a transform fault	104
105	what does the german acronym lsr mean?	105
106	most romantic hotels in bahamas	106
107	benefits of a weaker dollar	107
108	what does france grow and produce	108
109	what is a limited fce?	109
110	what do zebras eat food	110
111	what is causes cancer	111
112	how long does it take to get SAT scores back?	112
113	what is als stand for and mean	113
114	what are the three shields on the buick insig	114
115	deport define	115
116	is the earth's magnetic field constant?	116
117	can i drink alcohol after fraxel treatment	117
118	how pronounce tiguan	118
119	weather in austin texas in march	119
120	pink eye treatment how long	120
121	meaning of name denise	121
122	are personal loans adjustable rates	122
123	is oregano good for inflammation	123
124	what is bisaya cebuano	124
125	what distinguishes a macronutrient from a micronutrient	125
126	pa amending the mandatory judicial retirement age	126
127	is the fafsa pell grant estimate per semester or year	127
128	what is an mla writing format	128
129	gatwick airport pick up area	129
130	how to practice for your drivers test	130
131	what forms at an ocean-ocean convergent boundary	131
132	what is formula to add months	132
133	what casinos have rv parks?	133
134	what happens if you miss a vein shooting up	134
135	how to pull inflatable	135
136	is latex paint considered hazardous waste	136
137	what energy molocuels are produced in this respiration oragnelle	137
138	is the femoral neck part of the hip	138
139	the place beyond the pines cast	139
140	switched number to new service but text messages still going to old phone	140
141	largest active military	141
142	average january temps in mount pleasant, sc	142
143	is myrrh edible	143
144	145 kilos in stones and pounds	144
145	united states postal service roseburg or	145
146	what is a wifi leak sensor	146
147	in general, are fungal infections usually parasitic or are the opportunistic quizlet	147
148	how to make a corner desk	148
149	is the femoral nerve a peripheral nerve	149
150	steering yoke definition	150
151	how to stop bronchitis before it starts	151
152	what is a nicotine substitute	152
153	what do vacuoles and vesicles do	153
154	how long to bake whole speckled trout	154
155	what county is van nuys ca	155
156	what is an x ray photon	156
157	role of deputy director corporate services	157
158	how to measure binder size	158
159	what does the tropical rainforest consists of	159
160	is the forest part of the biltmore estate	160
161	what does physical education mean	161
162	Blue Dart at US consulate office Hyderabad telephone number	162
163	process theories of motivation suggest that	163
164	what are the most common geriatric illness	164
165	requirements to be able to use virtual machines	165
166	fission theory definition	166
167	what if i longer want to break my lease	167
168	what air temperature can you see your breath	168
169	tornado warning in pittsburgh	169
170	what are avocados	170
171	is the georgian bay part of lake huron?	171
172	what does emerson relate himself to in nature	172
173	activities you can do at uluru	173
174	what is a hyperlink	174
175	can uccb be considered income on my child	175
176	what is a grantor on a deed	176
177	thermal load definition	177
178	causes wilted yellow tomato leaves	178
179	this is why marijuana should be legal everywhere	179
180	nfhs coach education program cert	180
181	what is a biological feeling	181
182	is the girl scouts membership fee one time only or is it monthly	182
183	what is a slip for	183
184	st.marys prenatal clinic number	184
185	what is duo bed	185
186	installation cost	186
187	crockpot broccoli chicken recipe	187
188	how to calculate yield to maturity of a bond that is on the market for face value	188
189	how long does it take to drive from toronto to alberta	189
190	how to calculate protein concentration elisa	190
191	did robin and dr phil divorce	191
192	kitty genovese how many times was she stabbed	192
193	bandages definition	193
194	is a salad considered fiber	194
195	is marsala like madeira	195
196	what is a salary sacrifice pension scheme	196
197	medical definition of obese	197
198	is julia kim still alive	198
199	is elderberry syrup safe during gestation	199
200	what is a word for lost stardom	200
201	can a summative assessment be informal	201
202	At what age do skunks wean	202
203	internship programs for doctorate in public health administration - north texas	203
204	is the lacrimal glands part of the nasal	204
205	temperature in saint joe florida	205
206	how do discounted loan rates	206
207	the mcguffin definition	207
208	what is engineering stress	208
209	what causes ear to feel stuffed	209
210	what is hpv pregnancy complications	210
211	what is a hill-sachs lesion	211
212	what is a fife	212
213	underwriting expenses definition	213
214	how many died from spanish flu	214
215	bandwidth knowledge of results	215
216	average salary in arkansas	216
217	meaning of the arabic name nayla	217
218	weather in beijing may 2016	218
219	legal definition of camping bsa	219
220	chemotrophic definition biology	220
221	mitigated negative declaration definition	221
222	what are the types of plant protists phylum	222
223	virgin mobile pay as you go terms and conditions	223
224	types of switches for synchronous motors	224
225	VA disability lawyer cost	225
226	deportes definition	226
227	is the mantle made of gabbro	227
228	average cost of wedding dinner per person park savoy	228
229	is lapatinib an oral medication	229
230	foods to boost fertility in women	230
231	are albino bullfrogs common in the wild	231
232	how to vinyl boat floors	232
233	what is a values clarification	233
234	what age do you have to be to go to a gun range	234
235	politiko-troullia definition	235
236	how much calories lost when lifting	236
237	time difference between finland and new york	237
238	is the mitochondria a organelle or a function	238
239	what counts are taken in urine	239
240	harvard admission phone number	240
241	how often can you take a tagamet	241
242	what does stack the board mean	242
243	webster definition of theft	243
244	what elements are present in ammonium nitrate?	244
245	calories in melba rounds	245
246	what is a crystallization of a fibroid?	246
247	what are rodents	247
248	what are the options for rotator cuff surgery	248
249	is the north pole in the arctic	249
250	is midrin a compound drug	250
251	metastatic cancer lymph nodes symptoms	251
252	diphtheria definition pronunciation	252
253	call gmail support phone number	253
254	what county in florida is alligator point in?	254
255	what does opm stand for?	255
256	what happens to fat when you burn it?	256
257	what does homophone mean	257
258	how do you gain weight in your legs	258
259	vitamin e how much to take daily?	259
260	is the outstanding principal balance a payoff	260
261	symptoms sinusitis	261
262	how to view my second semester schedule at humber	262
263	what is abo incompatibility in newborn	263
264	the ________ nerves regulate essential involuntary body functions	264
265	how to create labels from excel file	265
266	what day is the parade in new york city	266
267	alcohol blood level per drink	267
268	what is a duckee	268
269	what is conjugated bilirubin	269
270	what is a jake brake	270
271	bangad meaning in english	271
272	define cruce	272
273	kia sales for july	273
274	what boundaries have the most earthquakes	274
275	what does aih stand for	275
276	what is blog sites? blogger	276
277	are neurons or neuroglia bigger	277
278	what file is associated with spytech	278
279	is blue whale mammal	279
280	transformation definition	280
281	average weight of kittens by age	281
282	is the pancreas right upper or lower quadrant	282
283	what car does kimberly guilfoyle drive	283
284	jumeirah emirates towers contact number	284
285	countries where prostitution is legal	285
286	what is cisap	286
287	what are outriggers used for	287
288	most reliable wifi router	288
289	how much does a merchandiser for acosta make	289
290	side effects to decreasing trileptal	290
291	hyatt centric ginza tokyo	291
292	what are the different types of structural steel	292
293	is the pharynx layered with stratified squamous epithelium	293
294	what icd-10-cm code is reported for an abnormal cervical pap smear?	294
295	meaning behind love poppy jewelry brand?	295
296	cost of rf frequency wireless send receive device	296
297	what is a importer of record number	297
298	dhl phone number uk free	298
299	symptoms of mastoiditis in adults	299
300	milk and tumeric with honey for joint pain	300
301	how far is houston tx from santo tx	301
302	weather in glencoe al	302
303	what is a thot military	303
304	is the piedmont located in the southeast	304
305	southern university how to pay tuition and fees	305
306	vitamix xl	306
307	types of sugar intolerance	307
308	NWHU septic permit cost	308
309	Official interest rates will remain on hold at 2 per cent over April	309
310	foods that dissolve kidney stones	310
311	does shakeology contain spirulina	311
312	stiff legged deadlifts and what muscles benefit	312
313	how much metformin can a person take per day	313
314	what is a good infant heart rate	314
315	is the preservative. pgpr made from castor beans?	315
316	what county is page, az in	316
317	what are the two most common minerals located in earth's crust brainly	317
318	what iq is needed to be considered a genius	318
319	what is hawaii coldest recorded temperature	319
320	what are the major components of the energy pyramid	320
321	what engine on troy bilt snow blowers?	321
322	what charges can you get for fighting	322
323	the definition of plate tectonics	323
324	how to line the bottom of my rabbit play areas	324
325	how many carbs can you eat in one day and lose weight	325
326	is the price of something continuous or discrete?	326
327	how many grams of protein in a potato?	327
328	what is annex a icms	328
329	south salem ny what county	329
330	parliamentary form of government definition	330
331	is white castle expanding to new markets	331
332	residual market definition	332
333	right frontotemporal lobe symptoms	333
334	what is a culturally competent person	334
335	what does exhibitor mean	335
336	what cuts lemon in recipes	336
337	deposition fee for treating physician	337
338	is the process by which a person adjusts to another cultural environment without sacrificing his or her own cultural identity	338
339	how much protein to build muscle per kg	339
340	how is a president impeached exactly	340
341	what is a hydrostatic condition	341
342	average temperature of williamsburg virginia	342
343	how big was the louisiana purchase territory	343
344	what is a pathway inhibitor	344
345	what chronic disease cause anemia in seniors	345
346	the incredible hulk.  actor	346
347	mount vernon, ny is what county	347
348	veteran status definition	348
349	is the public company accounting oversight board constitutional? why or why not?	349
350	marine base in parris island sc	350
351	curriculum continuum definition	351
352	what does contract job mean	352
353	how to set bank cycle time	353
354	the side effects of pink eye	354
355	what causes the shocks on the hood of a car hood	355
356	what is a japanese robe called	356
357	how much do you tip a hairstylist for hair color	357
358	unity of command definition	358
359	javascript define array	359
360	is the pulmonary valve oxygenated	360
361	is hershey's chocolate syrup bad for your bones mayo clinic	361
362	what is a emissary company	362
363	how long do you grill pizza dough	363
364	how much is kindergarten in iowa	364
365	diffusion is a result of	365
366	what day was prince charles born	366
367	what causes my hip pain	367
368	how much is kyle richards worth	368
369	does your body temperature fall before your period	369
370	what is fetal position	370
371	is the reduction of pore space in sediment as a result of the weight of the overlying sediments	371
372	neurological symptoms twitching eyebrows up and down	372
373	what is child delivery thru  stomach called	373
374	what does nash grier look like now 2016	374
375	Directions for Taking Zantac	375
376	what  does it means  significance of signing this document and what it means for you professionally and personally im the him confindentl	376
377	cost to replace hvac	377
378	what are lamps made of	378
379	what is fire intensity	379
380	largest law enforcement agencies	380
381	what is an abutter?	381
382	is the slavonic benevolent order of the state of texas masonic ?	382
383	bark or no bark for smoking meat	383
384	what is a protecto plate on a car	384
385	what happens when a wheel bearing breaks	385
386	what causes mens wiskers to fade	386
387	what do numbers on binoculars mean	387
388	what is a kalash container	388
389	how much does it cost in petrol to drive to brighton from blackburn	389
390	how much do you make as a cadet	390
391	how wide should chicken roost be	391
392	stephanie seymour net worth	392
393	is the smokey mountains an example fault block mountains	393
394	what is good for your liver	394
395	what helps heat rashes go away	395
396	how often do large asteroids hit the earth	396
397	how to set up auto channel search on a sharp lcdtv lc-rc1-14	397
398	sms meaning slang	398
399	what is a hot rock called	399
400	what holds up the hood of a car	400
401	how many eggs a week can i eat	401
402	what is a good sat score for june 2014	402
403	irs phone numbers customer service	403
404	is the society of the prevention of cruelty to animals a good charity	404
405	benefits of salt water gargle	405
406	visiting hours in upper marlboro jail	406
407	should i be taking statins ldl 7.1	407
408	what county is stevensville mt in	408
409	angular minute to degree	409
410	what are rugby sevens	410
411	reading english what to understand to do well	411
412	what family and mwr functional area does boss fall under	412
413	average nursing salary bureau of labor	413
414	kristy name meaning	414
415	is the stinger longer than the optima	415
416	sioux falls wireless world	416
417	is loch ness landlocked	417
418	what is ceasefire for durabak	418
419	how long do hard inquiries stay on your credit report	419
420	what is beyblade	420
421	is vatican city a monarchy	421
422	cause of failure of league of nation	422
423	what are lpns vs rn	423
424	sheetrock growing mold after pouring gypcrete	424
425	how does early onset alzheimer's cause death	425
426	is the surname moore scottish	426
427	what does slip seat mean	427
428	is it safe to eat fish every day	428
429	what is a fungicide for a vegetable garden	429
430	what county is westlake, oh in	430
431	nh definition of any person aggrieved	431
432	what county is leasburg nc in	432
433	can hibiscus cause pain on the neck?	433
434	recommended practices for shielding gases	434
435	glycemic index potatoes vs rice	435
436	ponds brand is which company	436
437	is the thalamus part of the neocortex	437
438	how big is a rat	438
439	what is a positive antigen test	439
440	reduce hba1c levels naturally	440
441	what is acom army	441
442	how to wipe hard drive windows 10	442
443	trochanter definition anatomy	443
444	what food to avoid while having diverticulitis	444
445	meaning of porsche crest	445
446	marchese dellelsa moscato dasti price	446
447	how are minerals retrieve	447
448	amphi- meaning	448
449	is the tricuspid valve oxygenated	449
450	how much time does it take to get a learner permit	450
451	how to butcher a feral hog	451
452	weather in italy on june 2016	452
453	registered trademark symbol definition	453
454	what is college is temple	454
455	lowest voter turnout in us history	455
456	what is 0.25 of 18000	456
457	is coach training deductible as education expense	457
458	nfl on espn schedule	458
459	incredimail phone number	459
460	is the trigeminal ner	460
461	what is enzyme secretion	461
462	meaning of liana	462
463	does usaa provide rideshare auto insurance	463
464	how many words is a 5 page paper double page	464
465	home remedies for getting rid of maggots on a wound	465
466	is traveling nursing a union job	466
467	purpose sherman antitrust act 1890	467
468	what does internal equity mean	468
469	largest yellow diamond	469
470	what is gas to a solid called	470
471	is the unique means by which genus hylobates (e.g. gibbons and siamangs) propel themselves through the canopy.	471
472	what cloud provider can host arena solutions plm?	472
473	what do the nervous tissue do for dolphins	473
474	what era is the tye dye t shirt	474
475	how to build your own astro hockey field at home	475
476	what does physical geography mean	476
477	cost of vasectomy in mexico	477
478	what is an incident rate for injuries	478
479	cost of toyota mirai	479
480	how were united states senators chosen before the general population was able to vote for them	480
481	what is inari	481
482	is the upper part of the brain consisting of two cerebral hemispheres and the structures that connect them?	482
483	what are  predators	483
484	us price of gasoline	484
485	range for b12	485
486	parietal or visceral is closest to a organ	486
487	can anything be done for a broken finger	487
488	distance between metal fence posts	488
489	way to organize bills	489
490	let my will be your will to live meaning	490
491	geographical atmosphere definition	491
492	the family credit union routing number	492
493	is the us inflationary	493
494	what causes constant leg pain	494
495	can indigestion hurt your ribs	495
496	home remedies for blisters in mouth	496
497	what constitutes a fever	497
498	what is connecticut's gift tax rate	498
499	what are some things you can do to keep your digestive system healthy	499
500	how to harvard reference sacred texts	500
501	what does it mean if your chest feels heavy	501
502	what cause random foot blister when there was no running	502
503	is physical reality really an illusion	503
504	is the wavelength of a microwave longer or shorter than the wavelength of visible light?	504
505	how long before closing for final estimated cash to close	505
506	definition of recession	506
507	what are morphological characteristics give examples microbio	507
508	what county is kasson mn in	508
509	what is allscripts?	509
510	what does push ups work	510
511	finding a cell phone number by name for free	511
512	cost of chemical peel	512
513	what is a good healthy seafood to eat?	513
514	types of suicide durkheim	514
515	is the y in enjoy a consonant	515
516	what is adjustments	516
517	what degrees do fashion executives have	517
518	what is an sed blood test	518
519	by means of what structure do osteocytes communicate with one another	519
520	is july fourth a federal holiday?	520
521	rhonda and holly fight results	521
522	what does metal mulisha stand for	522
523	is omeprazole a corticosteroid	523
524	how many square feet shingles	524
525	was woodrow wilson a member of the republican party	525
526	is theatre contra account same as accounts receivable	526
527	does a subpoena mean you have to testify	527
528	is mykolaiv international airport	528
529	what gave the president authority to declare selected public lands as national monuments	529
530	what is inside a mermaid purse	530
531	what county is charlevoix in	531
532	how to end racial profiling	532
533	signs and symptoms of shigella	533
534	what is dermal cicatrix	534
535	what is an assistant procurement officer	535
536	do a cyaperator helpa cyatic nerve	536
537	is their a scale used to measure the intensity in tornadoes	537
538	what did the creoles do	538
539	what causes low b complex	539
540	what is hydrosone cream	540
541	defenses to ada complaint	541
542	propagating spider plants	542
543	pa gosh conference price	543
544	how to unlock a runescape account	544
545	How many moles of gold atoms do 3.20×1024 gold atoms constitute?	545
546	moddedeuros address	546
547	vulgo meaning	547
548	bank average salary for asm	548
549	how many hours to complete mobius final fantasy	549
550	what ages do toddlers usually get teeth	550
551	if x in an angle in quadrant 2 and tan2x-3=0, what is the value of x	551
552	what is animal is king kong	552
553	is the orion nebula where heaven is	553
554	what is classpath in java	554
555	how much turmeric should one take in a day	555
556	what county is yonkers	556
557	what determines the shape and structure of a cell	557
558	how did richard nixon affect kennedys power	558
559	depositors definition	559
560	is their laws in canada for how much notice an employee has to give	560
561	what blood test can determine depression	561
562	how often to change serpentine belt	562
563	what does aveda shampure  smell like	563
564	what is a quoll	564
565	what is a good way to organize excel spreadsheets	565
566	how to understand muscle and water % on scale	566
567	what bug makes a sheep sound?	567
568	what does bogan mean	568
569	what are some physical tasks	569
570	cost effective patio flooring	570
571	is there a bird call that sounds like a tin whistle	571
572	in what states is the great basin located	572
573	house prices in plano	573
574	how quickly is ofac rejections reported	574
575	nancy drew wildtangent unlock	575
576	what county is greenback tn	576
577	what is a worms eye view in art	577
578	weather in nassau bermuda	578
579	pavers cost per sf in san jose	579
580	is an HVAC plenum necessary	580
581	ihave moderate osteoarthertis can i get disability	581
582	is there a color called hazel	582
583	what does the new immigration law mean	583
584	little onions are called	584
585	how many sq feet in a yard of concrete	585
586	biggest lego store in california	586
587	final song of footloose filmed with different song	587
588	is erectile dysfunction a symptom of diabetes?	588
589	what instrument did roy eldridge play	589
590	what is blanket certificate of resale	590
591	what are reinsurers	591
592	what are low thyroid numbers	592
593	is there a difference between a boil and an abscess	593
594	how to use mesquite as a sugar substitute	594
595	most livable african cities	595
596	roles of RNA polymerase V in eukaryotes	596
597	jackson hospital phone number	597
598	cost of januvia	598
599	states where uber is illegal	599
600	average american yearly income	600
601	average salary of accounting major in the last decade	601
602	what group did blondie start with	602
603	what is a wee heavy beer	603
604	is there a difference between a guard and a tackle	604
605	what is hf chemistry	605
606	what happens after a disciplinary appeal hearing	606
607	what does the arrangement of the periodic table help scientists see	607
608	what is aloe force raw aloe juice used for	608
609	what continent is japan in	609
610	cloud application definition	610
611	does ginger help dizziness	611
612	what food give you energy	612
613	what album was jump by van halen	613
614	are plastic utensils recyclable	614
615	is there a generic for macrobid	615
616	is a feminist poster appropriate for work	616
617	how to hack someones kik without a password	617
618	paper audit trail definition	618
619	victoria's secret top models names	619
620	what is a dipole	620
621	what author is the jungle book based off	621
622	what is a dysfunktion	622
623	highest win rate support in bronze	623
624	what energy sources are renewable	624
625	what is a maker name on check	625
626	is there a generic welchol	626
627	what is cilantro called in england	627
628	amika phone number	628
629	what happens when your kidneys stop working	629
630	what does neurofibrillary tangles mean	630
631	Darby name meaning	631
632	reasons for and against using animals on tv shows	632
633	what donald trump looked like when he was young	633
634	what does sonos app cost	634
635	does a company have to cancel its shares before it is deregistered?	635
636	what causes loss of balance and dizziness?	636
637	bank of hawaii debit routing number	637
638	how to write endnotes mla style	638
639	what county is howe indiana	639
640	what is a doberge cake	640
641	effects of reduced respiratory function after injury	641
642	can vitamins cause jaw pain	642
643	how to open 1972 vw beetle hood	643
644	is it advantageous to file married filing separately	644
645	what county is centralia illinois	645
646	what is corgard used for	646
647	how many percent of usa are reservation	647
648	is there a limit to how many contacts you can have in microsoft dynamics	648
649	how many drops in restasis multidose	649
650	how much does an ultrasound tech make	650
651	what is hpv vaccines used for	651
652	population of rwanda	652
653	what coolant can you use in place of sllc toyota coolant	653
654	what is difference between E160a and E160A	654
655	planting tomato plants on its side	655
656	can constipation be period related	656
657	transgenic organisms what are they	657
658	how to turn a whole number into a fraction	658
659	is there a local military	659
660	are goji berries deer resistant	660
661	meaning of polemic	661
662	us presidents who forgo salary	662
663	what is beam when applied to a kayak	663
664	how much water does a hibiscus absorb	664
665	what a chrysler sebring is worth in alberta	665
666	is keto diet too acidic ...mama	666
667	scientific development definition	667
668	what do nintendo points do	668
669	are formal regions area class regions	669
670	depressive personality disorder	670
671	is there a minimum salary requirement to contribute to a roth ira	671
672	is puerto rico a good vacation spot	672
673	coding time is of the essence	673
674	what is a single arch denture	674
675	what are currants?	675
676	what does hormonal mean	676
677	look up vehicle identification number	677
678	what does the name Ethan mean	678
679	can you get a divorce without a custody agreement	679
680	unity resources.load	680
681	what does eel stand for in trial master file?	681
682	bank of ireland group plc	682
683	what does social learning theory focus on?	683
684	how much does it to fix a leak on a car?	684
685	electricity definition of current	685
686	thomas wolfe how did he die	686
687	what country is the character batman from	687
688	is the world a habitat	688
689	what business does al gore do in nashville house	689
690	organization for law enforcement	690
691	neuritis symptoms blue spots on skin	691
692	what chris stapleton album is what are listening to on	692
693	is there a scale for protein in the urine	693
694	how do you obtain a copy of your employment record colorado	694
695	walt disney world vip services	695
696	is schizophrenia a language disorder	696
697	css color define	697
698	how long is cut cantaloupe good for	698
699	what audio jack do i need for headphones	699
700	if then excel when using formulas	700
701	web scraping legal	701
702	what can honor society do for me	702
703	synonym for interrupting	703
704	is there a standard maximum weight for wooden pallets	704
705	what axis is major depressive disorder	705
706	what is a medicare part c	706
707	most dangerous roads in tennessee	707
708	how many people die a year from go karts	708
709	how long is a millennia	709
710	types of lupus skin	710
711	how to send a link for a shared location	711
712	process technologist salary	712
713	what causes vesicular eczema	713
714	what is an aes student loan?	714
715	is there a substitute for capers in a recipe	715
716	what charming charlie stores are closing	716
717	what do sensory neurons do	717
718	mountain lion what they eat	718
719	what is diamond mining	719
720	what an appraiser looks for in a home	720
721	how fast is a heartbeat	721
722	weather underground anchors	722
723	average size of a golden retriever	723
724	how much do headshots cost	724
725	how to solve one variable equations	725
726	is there a treatment option for thyroid tumor	726
727	minimum credit score for dell canada	727
728	pictographs definition	728
729	snap benefits and cash benefits	729
730	what causes holly leaves to turn yellow and fall off	730
731	What age do i remove baby canaries from their parents	731
732	what is directv hd extra pack	732
733	how to send custom offer on ebay	733
734	definition of eroding	734
735	what does sardonyx look like	735
736	what food is high in iron content	736
737	is there an actual language called scottish	737
738	what age do your muscles stop developing?	738
739	how much to go to school to become a sterile processing technician	739
740	how does heredity influence development	740
741	huntington beach ca is what county	741
742	what are allergy symptoms for walnuts	742
743	rue la la phone number	743
744	what city is sacred to three monotheistic religions	744
745	what collects waste materials in your body	745
746	how much it cost for a company to pay for training	746
747	what can i do about the rust on my f150 truck	747
748	is there an age limit on federal jury duty	748
749	what county is maplewood in nj	749
750	number for verizon wireless prepaid	750
751	what does a contract administrator do	751
752	concerted effort definition	752
753	is mileage reimbursement considered wages	753
754	how much are lady antebellum tix	754
755	what does above tidewater mean	755
756	what does the name Olivia mean	756
757	what is hpsf.exe has stopped working mean	757
758	does my hgb	758
759	is there an age limit to working with ice	759
760	what are all organism made up mostly	760
761	is general kelly faithful to trump[	761
762	what is a piebald dachshund	762
763	what is adaptive cruise control in tesla's?	763
764	us open bowling qualifiers	764
765	explain what a bariatric surgeon is	765
766	what does the greek ter, sigma	766
767	what are all the characteristic of the paint horse	767
768	how does alcohol affect the pituitary gland	768
769	what happened to nicholas sparks marriage	769
770	is there folate in bananas	770
771	how did the nuclear arms race affect america	771
772	what is artero	772
773	is pea isolate safe	773
774	weather in glendale, california fahrenheit	774
775	new coke failure cost	775
776	phone number for tracfone customer service	776
777	what county is toulon, il in	777
778	how to add grass to your lawn	778
779	average salary of accounting in the last decade	779
780	what causes savant syndrome	780
781	deridder explosion	781
782	is there tax on groceries in colorado?	782
783	us bank location maryland	783
784	how to pronounce antimacassar	784
785	what county is larchmont in	785
786	how much does clutch work cost	786
787	what is growing in the ozarks?	787
788	what does it mean if you hug someone and they give off a strange vibration?	788
789	what does a Displacement of Intervertebral Disc look like?	789
790	medullary canal definition	790
791	what day is teen tech week in march	791
792	what is a IFI contractor	792
793	is titanium dioxide polar	793
794	how much does a building construction worker make salary	794
795	learning how to read programs	795
796	do adults get head lice	796
797	what are the select walt disney world resort hotels	797
798	how to start an alcoholics anonymous group	798
799	what is g suite for corporations	799
800	do toddlers need multivitamins	800
801	disease indirectly directly meaning	801
802	what county is morrow ga in	802
803	what is a corriente cow	803
804	is today world book day	804
805	what are smartphones	805
806	what foods clear constipation	806
807	effects of prolonged cell phone use	807
808	garage cost to build	808
809	playstation network number customer service	809
810	what is diegesis	810
811	what does the latin/ greek root word tri	811
812	what are the uses of small resistors	812
813	what is a diamonds clarity	813
814	what are fuel nutrients for the body	814
815	is todd a name for john	815
816	how old is morgan corinthos on general hospital	816
817	retro ejaculation causes	817
818	medicare effective date meaning?	818
819	what happens when a school goes into special measures	819
820	average physical therapy charge per hour	820
821	how much are disney tickets at safeway	821
822	was cheyenne wyoming ever called durant	822
823	what do incas used jade for	823
824	what is an ESR level on a blood test?	824
825	is a team considered a macro level sociology	825
826	is top number or bottom number more important for blood pressure	826
827	timber prices in sri lanka	827
828	technical capabilities definition	828
829	what household income is rich	829
830	do catholic schools get state funding in NY state	830
831	what county is benton ks	831
832	how do you lower testosterone in women	832
833	what code is 01133	833
834	difference between operational and system availability in it	834
835	what belieefs do the bhutan	835
836	what color family is putty	836
837	is tr the routing number	837
838	hydrodynamic dispersion definition	838
839	portable air conditioner how to install	839
840	weight limit for ethiopian airline	840
841	symptoms of jaw and eye pain	841
842	what is a trading symbol	842
843	what gives lawyer permission to settle on behalf of client	843
844	how far is santa clara to the ocean	844
845	cost of raising a child monthly	845
846	what is extract all on my computer	846
847	how many calories in white sugar free powder for coffee	847
848	is traction always used in a spinal fusion	848
849	ippb what is it used for	849
850	what is alpha kappa delta	850
851	how to tell when a tattoo is healing correctly	851
852	what does gi joe represent symbolically	852
853	open currency position definition	853
854	tired eye muscles dizziness	854
855	name of exercise that is a up/squat	855
856	how to hook up a shower base drain	856
857	how many jobs were created under obama vs. trump	857
858	what bodily fluids glow under black light	858
859	is trilogy home healthcare achc accredited	859
860	scientific definition of respiration	860
861	average chess move per game	861
862	how to delete a squarespace website	862
863	what cause pain on the left side of the head	863
864	richard noll net worth	864
865	what is a example of the parts of the brain	865
866	what are the laws on growing marijuana pennsylvania	866
867	what is food beverage director position	867
868	what do you see social means	868
869	changing from iphone 4 to 5 sim card	869
870	is turnkey one word	870
871	should i stay away from bonds now	871
872	what do you lubricate a bike chain with	872
873	weather in los gatos	873
874	what is codecs	874
875	bois bande benefits	875
876	hcsc headquarters	876
877	what is hiv/aids google	877
878	types of sustainable energy sources	878
879	what is apple's kernel privileges	879
880	what does cancer affect in the male reproductive system	880
881	is type i salter harris an ankle fracture	881
882	how much to integral pay for administrator	882
883	what age do you apply for medicare	883
884	is baby lotion good moisturizer	884
885	how to wipe a disk clean	885
886	what is iq score results	886
887	what area is the hypothalamus located	887
888	how many grams of sugar in a mountain dew	888
889	is a nephew a lineal descendant	889
890	cost of access card	890
891	what education is needed to be a nursing assistant	891
892	derivation definition synonym	892
893	is urine poisonous?	893
894	is capital summertime ball in two dates	894
895	age limit for tb tests	895
896	new grad bsn salary nj	896
897	what is an ffel stafford subsidized loan	897
898	what does a tight it band cause	898
899	what are connective tis	899
900	what does peeta symbolize	900
901	muscle can be broken down into what	901
902	did old cars have asbestos insulations	902
903	longest reign world leader	903
904	is us postal service closed presidents day?	904
905	is lady gaga with taylor kinney	905
906	bauer mba cost	906
907	how much to charge to paint the outside of a house	907
908	presumption level of intoxication definition	908
909	is oil shear thinning	909
910	what causes numbness in hands and face for a bariatric sleeve patient	910
911	types of muscles in the human body	911
912	what does the term popular sovereignty mean	912
913	what does the major do	913
914	name the gods in mayan society	914
915	is uv or ozone more effective at killing bacteria	915
916	how much does a surgeon make an hour	916
917	definition of a armstand	917
918	meaning of the word kruptos?	918
919	how serious is diverticulitis	919
920	what age is considered a child at movies auckland	920
921	what certifications are required for telemetry technician	921
922	define diffuse pollution	922
923	what is an emra	923
924	what does malou mean	924
925	insert named range in excel to word document	925
926	bankliberty routing number	926
927	what is custard powder	927
928	if you owe irs can they take your 401k?	928
929	roster university of Cincinnati footage 2015	929
930	how many words in a resume?	930
931	does starz have the outlander	931
932	is an argumentative essay a genre	932
933	what is ae on the pipeline	933
934	what did president lyndon johnson do	934
935	if u were born in 17BC how old would u be in 17AD?	935
936	how old is bob harper	936
937	is uw credit union insured?	937
938	what food has most protein	938
939	is kings langley in hertfordshire	939
940	what does it mean if your bloated but it hurts when pushed on	940
941	indelible imprint meaning	941
942	what does ttp stand for in medical terms	942
943	how to be an opota instructor	943
944	colleyville tx is in what county	944
945	what brand is similar to keystone fencing	945
946	what is a enchilada	946
947	what does certified humane mean	947
948	is veeam speed in megabyte or megabit	948
949	what is aronia	949
950	what instrument do we use to find the mass of objects	950
951	how long rabies incubation period	951
952	how long to cook roast beef for	952
953	what is alcoholic beverage called fireball	953
954	what is a high psat score for a sophomore	954
955	how to bring old batteries back to life	955
956	what is duplex?	956
957	can you eat too many bananas in a day	957
958	what does existing offset mean	958
959	is venus the brightest natural object in the sky	959
960	temperature in palermo in june	960
961	what do you need for education after highschool to be a music producer	961
962	what chemical can cause an ammonia smell	962
963	what is chromium ?	963
964	radiation therapy cost per session	964
965	what does CHOMSKY identify as recursion	965
966	behind the name perseus	966
967	foods which boost testosterone production	967
968	what is a double weld	968
969	what is $windows.~ws	969
970	is victoria falls in zimbabwe or zambia	970
971	homme racine	971
972	In a DNA molecule, which nitrogenous bases are bonded together?	972
973	what dividend do apple shares pay	973
974	is coir a bast fiber?	974
975	how to use clips with a rod pocket curtain	975
976	logistics of conducting a corporate investigation	976
977	what are dimensions for a patio	977
978	nad+ participates in reactions that produce ________.	978
979	diagram of how air brakes work inside brake chamber	979
980	current time ist	980
981	is von willebrand factor an intrinsic factor	981
982	what dates were the korean war	982
983	does southern ireland use euros	983
984	what is imrc	984
985	average salary of marketing manager	985
986	what county is cass scenic railroad wv in	986
987	is drinking coffee before a test bad	987
988	what hotel replaced the sands	988
989	what do you use for a cigar case	989
990	what does the term for lack of in medical terms	990
991	what is a beguine rhythm	991
992	is w ever considered a vowel	992
993	how to cook quail on a traeger grill	993
994	what are male Terns called	994
995	meaning of the name rose	995
996	organelles other than the nucleus that contain dna	996
997	how to do brazing	997
998	how high should i raise my bed for acid reflux	998
999	how to use skymiles to upgrade to first class	999
